t,x_cubeOne(t),x_cubeTwo(t),v_cubeOne(t),v_cubeTwo(t),p_cubeOne(t),p_cubeTwo(t)
0.02,-1.5,-4.35,0,0,0,0
0.04,-1.4998,-4.35,0.01,0,0.02,0
0.06,-1.4994,-4.35,0.02,0,0.04,0
0.08,-1.4988,-4.35,0.03,0,0.06,0
0.09999999,-1.498,-4.35,0.04,0,0.08,0
0.12,-1.497,-4.35,0.05,0,0.09999999,0
0.14,-1.4958,-4.35,0.05999999,0,0.12,0
0.16,-1.4944,-4.35,0.06999999,0,0.14,0
0.18,-1.4928,-4.35,0.07999999,0,0.16,0
0.2,-1.491,-4.35,0.08999999,0,0.18,0
0.22,-1.489,-4.35,0.09999999,0,0.2,0
0.24,-1.4868,-4.35,0.11,0,0.22,0
0.26,-1.4844,-4.35,0.12,0,0.24,0
0.28,-1.4818,-4.35,0.13,0,0.26,0
0.3,-1.479,-4.35,0.14,0,0.28,0
0.32,-1.476,-4.35,0.15,0,0.3,0
0.34,-1.4728,-4.35,0.16,0,0.32,0
0.36,-1.4694,-4.35,0.17,0,0.34,0
0.38,-1.4658,-4.35,0.18,0,0.36,0
0.4,-1.462,-4.35,0.19,0,0.38,0
0.42,-1.458,-4.35,0.2,0,0.4,0
0.4400001,-1.4538,-4.35,0.21,0,0.42,0
0.4600001,-1.4494,-4.35,0.22,0,0.4400001,0
0.4800001,-1.4448,-4.35,0.23,0,0.4600001,0
0.5000001,-1.44,-4.35,0.24,0,0.4800001,0
0.52,-1.435,-4.35,0.25,0,0.5000001,0
0.54,-1.4298,-4.35,0.26,0,0.52,0
0.56,-1.4244,-4.35,0.27,0,0.54,0
0.58,-1.4188,-4.35,0.28,0,0.56,0
0.6,-1.413,-4.35,0.29,0,0.58,0
0.6199999,-1.407,-4.35,0.3,0,0.6,0
0.6399999,-1.4008,-4.35,0.31,0,0.6199999,0
0.6599999,-1.3944,-4.35,0.32,0,0.6399999,0
0.6799999,-1.3878,-4.35,0.33,0,0.6599999,0
0.6999999,-1.381,-4.35,0.3399999,0,0.6799999,0
0.7199998,-1.374,-4.35,0.3499999,0,0.6999999,0
0.7399998,-1.3668,-4.35,0.3599999,0,0.7199998,0
0.7599998,-1.3594,-4.35,0.3699999,0,0.7399998,0
0.7799998,-1.3518,-4.35,0.3799999,0,0.7599998,0
0.7999998,-1.344,-4.35,0.3899999,0,0.7799998,0
0.8199998,-1.336,-4.35,0.3999999,0,0.7999998,0
0.8399997,-1.3278,-4.35,0.4099999,0,0.8199998,0
0.8599997,-1.3194,-4.35,0.4199999,0,0.8399997,0
0.8799997,-1.3108,-4.35,0.4299999,0,0.8599997,0
0.8999997,-1.302,-4.35,0.4399998,0,0.8799997,0
0.9199997,-1.293,-4.35,0.4499998,0,0.8999997,0
0.9399996,-1.2838,-4.35,0.4599998,0,0.9199997,0
0.9599996,-1.2744,-4.35,0.4699998,0,0.9399996,0
0.9799996,-1.2648,-4.35,0.4799998,0,0.9599996,0
0.9999996,-1.255,-4.35,0.4899998,0,0.9799996,0
1.02,-1.245,-4.35,0.4999998,0,0.9999996,0
1.04,-1.2348,-4.35,0.5099998,0,1.02,0
1.06,-1.2244,-4.35,0.5199998,0,1.04,0
1.08,-1.2138,-4.35,0.5299998,0,1.06,0
1.1,-1.203,-4.35,0.5399998,0,1.08,0
1.12,-1.192,-4.35,0.5499998,0,1.1,0
1.14,-1.1808,-4.35,0.5599998,0,1.12,0
1.159999,-1.1694,-4.35,0.5699998,0,1.14,0
1.179999,-1.1578,-4.35,0.5799997,0,1.159999,0
1.199999,-1.146,-4.35,0.5899997,0,1.179999,0
1.219999,-1.134,-4.35,0.5999997,0,1.199999,0
1.239999,-1.1218,-4.35,0.6099997,0,1.219999,0
1.259999,-1.1094,-4.35,0.6199997,0,1.239999,0
1.279999,-1.0968,-4.35,0.6299997,0,1.259999,0
1.299999,-1.084,-4.35,0.6399997,0,1.279999,0
1.319999,-1.071,-4.35,0.6499997,0,1.299999,0
1.339999,-1.0578,-4.35,0.6599997,0,1.319999,0
1.359999,-1.0444,-4.35,0.6699997,0,1.339999,0
1.379999,-1.0308,-4.35,0.6799996,0,1.359999,0
1.399999,-1.017,-4.35,0.6899996,0,1.379999,0
1.419999,-1.003,-4.35,0.6999996,0,1.399999,0
1.439999,-0.9888003,-4.35,0.7099996,0,1.419999,0
1.459999,-0.9744003,-4.35,0.7199996,0,1.439999,0
1.479999,-0.9598003,-4.35,0.7299996,0,1.459999,0
1.499999,-0.9450003,-4.35,0.7399996,0,1.479999,0
1.519999,-0.9300003,-4.35,0.7499996,0,1.499999,0
1.539999,-0.9148003,-4.35,0.7599996,0,1.519999,0
1.559999,-0.8994003,-4.35,0.7699996,0,1.539999,0
1.579999,-0.8838003,-4.35,0.7799996,0,1.559999,0
1.599999,-0.8680003,-4.35,0.7899995,0,1.579999,0
1.619999,-0.8520004,-4.35,0.7999995,0,1.599999,0
1.639999,-0.8358003,-4.35,0.8099995,0,1.619999,0
1.659999,-0.8194004,-4.35,0.8199995,0,1.639999,0
1.679999,-0.8028004,-4.35,0.8299995,0,1.659999,0
1.699999,-0.7860004,-4.35,0.8399995,0,1.679999,0
1.719999,-0.7690004,-4.35,0.8499995,0,1.699999,0
1.739999,-0.7518004,-4.35,0.8599995,0,1.719999,0
1.759999,-0.7344005,-4.35,0.8699995,0,1.739999,0
1.779999,-0.7168005,-4.35,0.8799995,0,1.759999,0
1.799999,-0.6990005,-4.35,0.8899994,0,1.779999,0
1.819999,-0.6810005,-4.35,0.8999994,0,1.799999,0
1.839999,-0.6628005,-4.35,0.9099994,0,1.819999,0
1.859999,-0.6444005,-4.35,0.9199994,0,1.839999,0
1.879999,-0.6258005,-4.35,0.9299994,0,1.859999,0
1.899999,-0.6070005,-4.35,0.9399994,0,1.879999,0
1.919999,-0.5880005,-4.35,0.9499994,0,1.899999,0
1.939999,-0.5688006,-4.35,0.9599994,0,1.919999,0
1.959999,-0.5494006,-4.35,0.9699994,0,1.939999,0
1.979999,-0.5298006,-4.35,0.9799994,0,1.959999,0
1.999999,-0.5100006,-4.35,0.9899994,0,1.979999,0
2.019999,-0.4900006,-4.35,0.9999993,0,1.999999,0
2.039999,-0.4698006,-4.35,1.009999,0,2.019999,0
2.059999,-0.4494006,-4.35,1.019999,0,2.039999,0
2.079999,-0.4288006,-4.35,1.029999,0,2.059999,0
2.099999,-0.4080006,-4.35,1.039999,0,2.079999,0
2.119999,-0.3870007,-4.35,1.049999,0,2.099999,0
2.139999,-0.3658007,-4.35,1.059999,0,2.119999,0
2.159999,-0.3444007,-4.35,1.069999,0,2.139999,0
2.179999,-0.3228007,-4.35,1.079999,0,2.159999,0
2.199999,-0.3010007,-4.35,1.089999,0,2.179999,0
2.219999,-0.2790008,-4.35,1.099999,0,2.199999,0
2.239999,-0.2568008,-4.35,1.109999,0,2.219999,0
2.259999,-0.2344008,-4.35,1.119999,0,2.239999,0
2.279999,-0.2118008,-4.35,1.129999,0,2.259999,0
2.299999,-0.1890008,-4.35,1.139999,0,2.279999,0
2.319999,-0.1660008,-4.35,1.149999,0,2.299999,0
2.339998,-0.1428008,-4.35,1.159999,0,2.319999,0
2.359998,-0.1194009,-4.35,1.169999,0,2.339998,0
2.379998,-0.09580087,-4.35,1.179999,0,2.359998,0
2.399998,-0.07200088,-4.35,1.189999,0,2.379998,0
2.419998,-0.0480009,-4.35,1.199999,0,2.399998,0
2.439998,-0.02380092,-4.35,1.209999,0,2.419998,0
2.459998,0.0005990639,-4.35,1.219999,0,2.439998,0
2.479998,0.02519905,-4.35,1.229999,0,2.459998,0
2.499998,0.04999903,-4.35,1.239999,0,2.479998,0
2.519998,0.07499901,-4.35,1.249999,0,2.499998,0
2.539998,0.100199,-4.35,1.259999,0,2.519998,0
2.559998,0.125599,-4.35,1.269999,0,2.539998,0
2.579998,0.151199,-4.35,1.279999,0,2.559998,0
2.599998,0.1769989,-4.35,1.289999,0,2.579998,0
2.619998,0.2029989,-4.35,1.299999,0,2.599998,0
2.639998,0.2291989,-4.35,1.309999,0,2.619998,0
2.659998,0.2555989,-4.35,1.319999,0,2.639998,0
2.679998,0.2821988,-4.35,1.329999,0,2.659998,0
2.699998,0.3089988,-4.35,1.339999,0,2.679998,0
2.719998,0.3359988,-4.35,1.349999,0,2.699998,0
2.739998,0.3631988,-4.35,1.359999,0,2.719998,0
2.759998,0.3905988,-4.35,1.369999,0,2.739998,0
2.779998,0.4181988,-4.35,1.379999,0,2.759998,0
2.799998,0.4459988,-4.35,1.389999,0,2.779998,0
2.819998,0.4739987,-4.35,1.399999,0,2.799998,0
2.839998,0.5021987,-4.35,1.409999,0,2.819998,0
2.859998,0.5305987,-4.35,1.419999,0,2.839998,0
2.879998,0.5591987,-4.35,1.429999,0,2.859998,0
2.899998,0.5879986,-4.35,1.439999,0,2.879998,0
2.919998,0.6169986,-4.35,1.449999,0,2.899998,0
2.939998,0.6461986,-4.35,1.459999,0,2.919998,0
2.959998,0.6755986,-4.35,1.469999,0,2.939998,0
2.979998,0.7051985,-4.35,1.479999,0,2.959998,0
2.999998,0.7349985,-4.35,1.489999,0,2.979998,0
3.019998,0.7649985,-4.35,1.499999,0,2.999998,0
3.039998,0.7951985,-4.35,1.509999,0,3.019998,0
3.059998,0.8255985,-4.35,1.519999,0,3.039998,0
3.079998,0.8561984,-4.35,1.529999,0,3.059998,0
3.099998,0.8869984,-4.35,1.539999,0,3.079998,0
3.119998,0.9179984,-4.35,1.549999,0,3.099998,0
3.139998,0.9491984,-4.35,1.559999,0,3.119998,0
3.159998,0.9805983,-4.35,1.569999,0,3.139998,0
3.179998,1.012198,-4.35,1.579999,0,3.159998,0
3.199998,1.043998,-4.35,1.589999,0,3.179998,0
3.219998,1.075998,-4.35,1.599999,0,3.199998,0
3.239998,1.108198,-4.35,1.609999,0,3.219998,0
3.259998,1.140598,-4.35,1.619999,0,3.239998,0
3.279998,1.173198,-4.35,1.629999,0,3.259998,0
3.299998,1.205998,-4.35,1.639999,0,3.279998,0
3.319998,1.238998,-4.35,1.649999,0,3.299998,0
3.339998,1.272198,-4.35,1.659999,0,3.319998,0
3.359998,1.305598,-4.35,1.669999,0,3.339998,0
3.379997,1.339198,-4.35,1.679999,0,3.359998,0
3.399997,1.372998,-4.35,1.689999,0,3.379997,0
3.419997,1.406998,-4.35,1.699999,0,3.399997,0
3.439997,1.441198,-4.35,1.709999,0,3.419997,0
3.459997,1.475598,-4.35,1.719999,0,3.439997,0
3.479997,1.510198,-4.35,1.729999,0,3.459997,0
3.499997,1.544998,-4.35,1.739999,0,3.479997,0
3.519997,1.579998,-4.35,1.749999,0,3.499997,0
3.539997,1.615198,-4.35,1.759999,0,3.519997,0
3.559997,1.650598,-4.35,1.769999,0,3.539997,0
3.579997,1.686198,-4.35,1.779999,0,3.559997,0
3.599997,1.721998,-4.35,1.789999,0,3.579997,0
3.619997,1.757998,-4.35,1.799999,0,3.599997,0
3.639997,1.794198,-4.35,1.809999,0,3.619997,0
3.659997,1.830598,-4.35,1.819999,0,3.639997,0
3.679997,1.867198,-4.35,1.829999,0,3.659997,0
3.699997,1.903998,-4.35,1.839999,0,3.679997,0
3.719997,1.940998,-4.35,1.849999,0,3.699997,0
3.739997,1.978198,-4.35,1.859999,0,3.719997,0
3.759997,2.015598,-4.35,1.869999,0,3.739997,0
3.779997,2.053198,-4.35,1.879999,0,3.759997,0
3.799997,2.090998,-4.35,1.889999,0,3.779997,0
3.819997,2.128998,-4.35,1.899999,0,3.799997,0
3.839997,2.167197,-4.35,1.909999,0,3.819997,0
3.859997,2.205597,-4.35,1.919999,0,3.839997,0
3.879997,2.244197,-4.35,1.929999,0,3.859997,0
3.899997,2.282997,-4.35,1.939999,0,3.879997,0
3.919997,2.321997,-4.35,1.949998,0,3.899997,0
3.939997,2.361197,-4.35,1.959998,0,3.919997,0
3.959997,2.400597,-4.35,1.969998,0,3.939997,0
3.979997,2.440197,-4.35,1.979998,0,3.959997,0
3.999997,2.479997,-4.35,1.989998,0,3.979997,0
4.019997,2.519997,-4.35,1.999998,0,3.999997,0
4.039997,2.560197,-4.35,2.009999,0,4.019997,0
4.059997,2.600397,-4.35,2.009999,0,4.019997,0
4.079997,2.640581,-4.35,2.009195,0,4.018389,0
4.099997,2.680733,-4.35,2.007587,0,4.015174,0
4.119997,2.720836,-4.35,2.005176,0,4.010353,0
4.139997,2.760875,-4.35,2.001964,0,4.003927,0
4.159997,2.800834,-4.35,1.99795,0,3.9959,0
4.179997,2.840697,-4.35,1.993137,0,3.986275,0
4.199997,2.880448,-4.35,1.987527,0,3.975055,0
4.219997,2.92007,-4.35,1.981122,0,3.962245,0
4.239997,2.959549,-4.35,1.973925,0,3.94785,0
4.259997,2.998868,-4.35,1.965938,0,3.931876,0
4.279997,3.038011,-4.35,1.957164,0,3.914329,0
4.299997,3.076963,-4.35,1.947608,0,3.895216,0
4.319997,3.115708,-4.35,1.937273,0,3.874546,0
4.339997,3.154232,-4.35,1.926163,0,3.852325,0
4.359997,3.192517,-4.35,1.914282,0,3.828564,0
4.379997,3.23055,-4.35,1.901636,0,3.803271,0
4.399997,3.268315,-4.35,1.888228,0,3.776457,0
4.419997,3.305796,-4.35,1.874066,0,3.748132,0
4.439997,3.342979,-4.35,1.859154,0,3.718308,0
4.459997,3.379849,-4.35,1.843498,0,3.686997,0
4.479997,3.416391,-4.35,1.827105,0,3.654211,0
4.499997,3.452591,-4.35,1.809981,0,3.619963,0
4.519997,3.488433,-4.35,1.792134,0,3.584267,0
4.539997,3.523905,-4.35,1.773569,0,3.547138,0
4.559997,3.558991,-4.35,1.754295,0,3.50859,0
4.579997,3.593677,-4.35,1.734319,0,3.468638,0
4.599997,3.62795,-4.35,1.713649,0,3.427299,0
4.619997,3.661796,-4.35,1.692294,0,3.384588,0
4.639997,3.695201,-4.35,1.670262,0,3.340524,0
4.659997,3.728153,-4.35,1.647562,0,3.295124,0
4.679996,3.760637,-4.35,1.624203,0,3.248406,0
4.699996,3.79264,-4.35,1.600194,0,3.200389,0
4.719996,3.824151,-4.35,1.575545,0,3.151091,0
4.739996,3.855157,-4.35,1.550266,0,3.100533,0
4.759996,3.885644,-4.35,1.524367,0,3.048734,0
4.779996,3.915601,-4.35,1.497858,0,2.995717,0
4.799996,3.945016,-4.35,1.47075,0,2.9415,0
4.819996,3.973877,-4.35,1.443054,0,2.886108,0
4.839996,4.002172,-4.35,1.41478,0,2.829561,0
4.859996,4.029891,-4.35,1.385941,0,2.771882,0
4.879996,4.057023,-4.35,1.356547,0,2.713094,0
4.899996,4.083555,-4.35,1.32661,0,2.653221,0
4.919996,4.109478,-4.35,1.296143,0,2.592286,0
4.939996,4.134781,-4.35,1.265158,0,2.530315,0
4.959996,4.159454,-4.35,1.233666,0,2.467332,0
4.979996,4.183488,-4.35,1.201681,0,2.403362,0
4.999996,4.206872,-4.35,1.169215,0,2.33843,0
5.019996,4.229598,-4.35,1.136281,0,2.272563,0
5.039996,4.251656,-4.35,1.102893,0,2.205787,0
5.059996,4.273037,-4.35,1.069064,0,2.138129,0
5.079996,4.293733,-4.35,1.034807,0,2.069615,0
5.099996,4.313736,-4.35,1.000137,0,2.000273,0
5.119996,4.333037,-4.35,0.965066,0,1.930132,0
5.139996,4.35163,-4.35,0.9296092,0,1.859218,0
5.159996,4.369505,-4.35,0.8937805,0,1.787561,0
5.179996,4.386657,-4.35,0.8575944,0,1.715189,0
5.199996,4.403079,-4.35,0.8210652,0,1.64213,0
5.219996,4.418763,-4.35,0.7842076,0,1.568415,0
5.239996,4.433703,-4.35,0.7470363,0,1.494073,0
5.259996,4.447895,-4.35,0.7095662,0,1.419132,0
5.279996,4.461331,-4.35,0.6718122,0,1.343624,0
5.299996,4.474007,-4.35,0.6337895,0,1.267579,0
5.319996,4.485917,-4.35,0.5955133,0,1.191027,0
5.339996,4.497057,-4.35,0.556999,0,1.113998,0
5.359996,4.507422,-4.35,0.5182618,0,1.036524,0
5.379996,4.517008,-4.35,0.4793173,0,0.9586346,0
5.399996,4.525812,-4.35,0.4401811,0,0.8803622,0
5.419996,4.53383,-4.35,0.4008688,0,0.8017375,0
5.439996,4.541058,-4.35,0.3613961,0,0.7227923,0
5.459996,4.547493,-4.35,0.3217789,0,0.6435578,0
5.479996,4.553133,-4.35,0.282033,0,0.564066,0
5.499996,4.557977,-4.35,0.2421743,0,0.4843485,0
5.519996,4.562022,-4.35,0.2022187,0,0.4044373,0
5.539996,4.565265,-4.35,0.1621822,0,0.3243644,0
5.559996,4.567707,-4.35,0.1220808,0,0.2441616,0
5.579996,4.569345,-4.35,0.08193063,0,0.1638613,0
5.599996,4.57018,-4.35,0.04174767,0,0.08349535,0
5.619996,4.570211,-4.35,0.001548018,0,0.003096036,0
5.639996,4.569438,-4.35,-0.03865226,0,-0.07730451,0
5.659996,4.567861,-4.35,-0.07883707,0,-0.1576741,0
5.679996,4.565481,-4.35,-0.1189904,0,-0.2379807,0
5.699996,4.562299,-4.35,-0.159096,0,-0.3181921,0
5.719995,4.558317,-4.35,-0.1991381,0,-0.3982762,0
5.739995,4.553535,-4.35,-0.2391005,0,-0.4782009,0
5.759995,4.547955,-4.35,-0.2789672,0,-0.5579344,0
5.779995,4.541581,-4.35,-0.3187224,0,-0.6374447,0
5.799995,4.534414,-4.35,-0.35835,0,-0.7167001,0
5.819995,4.526457,-4.35,-0.3978344,0,-0.7956687,0
5.839995,4.517714,-4.35,-0.4371596,0,-0.8743191,0
5.859995,4.508188,-4.35,-0.4763099,0,-0.9526198,0
5.879995,4.497882,-4.35,-0.5152697,0,-1.030539,0
5.899995,4.486802,-4.35,-0.5540234,0,-1.108047,0
5.919995,4.474951,-4.35,-0.5925555,0,-1.185111,0
5.939995,4.462334,-4.35,-0.6308506,0,-1.261701,0
5.959995,4.448956,-4.35,-0.6688933,0,-1.337787,0
5.979995,4.434823,-4.35,-0.7066684,0,-1.413337,0
5.999995,4.41994,-4.35,-0.744161,0,-1.488322,0
6.019995,4.404313,-4.35,-0.7813558,0,-1.562712,0
6.039995,4.387948,-4.35,-0.8182381,0,-1.636476,0
6.059995,4.370852,-4.35,-0.8547931,0,-1.709586,0
6.079995,4.353032,-4.35,-0.8910062,0,-1.782012,0
6.099995,4.334495,-4.35,-0.9268628,0,-1.853726,0
6.119995,4.315248,-4.35,-0.9623488,0,-1.924698,0
6.139995,4.295299,-4.35,-0.9974498,0,-1.9949,0
6.159995,4.274655,-4.35,-1.032152,0,-2.064304,0
6.179995,4.253326,-4.35,-1.066441,0,-2.132882,0
6.199995,4.23132,-4.35,-1.100304,0,-2.200607,0
6.219995,4.208646,-4.35,-1.133726,0,-2.267452,0
6.239995,4.185312,-4.35,-1.166695,0,-2.33339,0
6.259995,4.161328,-4.35,-1.199197,0,-2.398395,0
6.279995,4.136703,-4.35,-1.23122,0,-2.46244,0
6.299995,4.111448,-4.35,-1.26275,0,-2.5255,0
6.319995,4.085573,-4.35,-1.293775,0,-2.58755,0
6.339995,4.059087,-4.35,-1.324283,0,-2.648565,0
6.359995,4.032002,-4.35,-1.35426,0,-2.708521,0
6.379995,4.004328,-4.35,-1.383697,0,-2.767393,0
6.399995,3.976077,-4.35,-1.412579,0,-2.825158,0
6.419995,3.947259,-4.35,-1.440897,0,-2.881793,0
6.439995,3.917886,-4.35,-1.468638,0,-2.937276,0
6.459995,3.88797,-4.35,-1.495792,0,-2.991583,0
6.479995,3.857523,-4.35,-1.522347,0,-3.044694,0
6.499995,3.826557,-4.35,-1.548294,0,-3.096587,0
6.519995,3.795085,-4.35,-1.573621,0,-3.147242,0
6.539995,3.763119,-4.35,-1.598319,0,-3.196637,0
6.559995,3.730671,-4.35,-1.622377,0,-3.244754,0
6.579995,3.697755,-4.35,-1.645787,0,-3.291573,0
6.599995,3.664384,-4.35,-1.668538,0,-3.337075,0
6.619995,3.630572,-4.35,-1.690621,0,-3.381243,0
6.639995,3.596331,-4.35,-1.712029,0,-3.424058,0
6.659995,3.561676,-4.35,-1.732752,0,-3.465503,0
6.679995,3.526621,-4.35,-1.752781,0,-3.505562,0
6.699995,3.491179,-4.35,-1.77211,0,-3.544219,0
6.719995,3.455364,-4.35,-1.790729,0,-3.581459,0
6.739995,3.419191,-4.35,-1.808633,0,-3.617265,0
6.759995,3.382675,-4.35,-1.825812,0,-3.651625,0
6.779994,3.34583,-4.35,-1.842262,0,-3.684524,0
6.799994,3.308671,-4.35,-1.857975,0,-3.715949,0
6.819994,3.271212,-4.35,-1.872944,0,-3.745888,0
6.839994,3.233468,-4.35,-1.887164,0,-3.774329,0
6.859994,3.195456,-4.35,-1.90063,0,-3.80126,0
6.879994,3.157189,-4.35,-1.913335,0,-3.82667,0
6.899994,3.118684,-4.35,-1.925275,0,-3.85055,0
6.919994,3.079955,-4.35,-1.936445,0,-3.872889,0
6.939994,3.041018,-4.35,-1.94684,0,-3.893679,0
6.959994,3.001889,-4.35,-1.956456,0,-3.912912,0
6.979994,2.962583,-4.35,-1.96529,0,-3.93058,0
6.999994,2.923116,-4.35,-1.973338,0,-3.946675,0
7.019994,2.883504,-4.35,-1.980596,0,-3.961192,0
7.039994,2.843763,-4.35,-1.987062,0,-3.974124,0
7.059994,2.803908,-4.35,-1.992733,0,-3.985467,0
7.079994,2.763956,-4.35,-1.997608,0,-3.995215,0
7.099994,2.723923,-4.35,-2.001683,0,-4.003366,0
7.119994,2.683824,-4.35,-2.004957,0,-4.009915,0
7.139994,2.643675,-4.35,-2.00743,0,-4.01486,0
7.159994,2.603493,-4.35,-2.0091,0,-4.018199,0
7.179994,2.563294,-4.35,-2.009966,0,-4.019931,0
7.199994,2.523093,-4.35,-2.010028,0,-4.020055,0
7.219994,2.482893,-4.35,-2.010028,0,-4.020055,0
7.239994,2.442693,-4.35,-2.010028,0,-4.020055,0
7.259994,2.402492,-4.35,-2.010028,0,-4.020055,0
7.279994,2.362292,-4.35,-2.010028,0,-4.020055,0
7.299994,2.322091,-4.35,-2.010028,0,-4.020055,0
7.319994,2.281891,-4.35,-2.010028,0,-4.020055,0
7.339994,2.24169,-4.35,-2.010028,0,-4.020055,0
7.359994,2.20149,-4.35,-2.010028,0,-4.020055,0
7.379994,2.161289,-4.35,-2.010028,0,-4.020055,0
7.399994,2.121089,-4.35,-2.010028,0,-4.020055,0
7.419994,2.080888,-4.35,-2.010028,0,-4.020055,0
7.439994,2.040688,-4.35,-2.010028,0,-4.020055,0
7.459994,2.000487,-4.35,-2.010028,0,-4.020055,0
7.479994,1.960287,-4.35,-2.010028,0,-4.020055,0
7.499994,1.920086,-4.35,-2.010028,0,-4.020055,0
7.519994,1.879886,-4.35,-2.010028,0,-4.020055,0
7.539994,1.839685,-4.35,-2.010028,0,-4.020055,0
7.559994,1.799484,-4.35,-2.010028,0,-4.020055,0
7.579994,1.759284,-4.35,-2.010028,0,-4.020055,0
7.599994,1.719083,-4.35,-2.010028,0,-4.020055,0
7.619994,1.678883,-4.35,-2.010028,0,-4.020055,0
7.639994,1.638682,-4.35,-2.010028,0,-4.020055,0
7.659994,1.598481,-4.35,-2.010028,0,-4.020055,0
7.679994,1.558281,-4.35,-2.010028,0,-4.020055,0
7.699994,1.51808,-4.35,-2.010028,0,-4.020055,0
7.719994,1.47788,-4.35,-2.010028,0,-4.020055,0
7.739994,1.437679,-4.35,-2.010028,0,-4.020055,0
7.759994,1.397478,-4.35,-2.010028,0,-4.020055,0
7.779994,1.357278,-4.35,-2.010028,0,-4.020055,0
7.799994,1.317077,-4.35,-2.010028,0,-4.020055,0
7.819993,1.276877,-4.35,-2.010028,0,-4.020055,0
7.839993,1.236676,-4.35,-2.010028,0,-4.020055,0
7.859993,1.196476,-4.35,-2.010028,0,-4.020055,0
7.879993,1.156275,-4.35,-2.010028,0,-4.020055,0
7.899993,1.116074,-4.35,-2.010028,0,-4.020055,0
7.919993,1.075874,-4.35,-2.010028,0,-4.020055,0
7.939993,1.035673,-4.35,-2.010028,0,-4.020055,0
7.959993,0.9954726,-4.35,-2.010028,0,-4.020055,0
7.979993,0.9552721,-4.35,-2.010028,0,-4.020055,0
7.999993,0.9150715,-4.35,-2.010028,0,-4.020055,0
8.019994,0.874871,-4.35,-2.010028,0,-4.020055,0
8.039994,0.8346705,-4.35,-2.010028,0,-4.020055,0
8.059995,0.79447,-4.35,-2.010028,0,-4.020055,0
8.079995,0.7542694,-4.35,-2.010028,0,-4.020055,0
8.099996,0.7140689,-4.35,-2.010028,0,-4.020055,0
8.119996,0.6738684,-4.35,-2.010028,0,-4.020055,0
8.139997,0.6336678,-4.35,-2.010028,0,-4.020055,0
8.159997,0.5934673,-4.35,-2.010028,0,-4.020055,0
8.179997,0.5532668,-4.35,-2.010028,0,-4.020055,0
8.199998,0.5130662,-4.35,-2.010028,0,-4.020055,0
8.219998,0.4728657,-4.35,-2.010028,0,-4.020055,0
8.239999,0.4326651,-4.35,-2.010028,0,-4.020055,0
8.259999,0.3924645,-4.35,-2.010028,0,-4.020055,0
8.28,0.352264,-4.35,-2.010028,0,-4.020055,0
8.3,0.3120634,-4.35,-2.010028,0,-4.020055,0
8.320001,0.2718629,-4.35,-2.010028,0,-4.020055,0
8.340001,0.2316623,-4.35,-2.010028,0,-4.020055,0
8.360002,0.1914617,-4.35,-2.010028,0,-4.020055,0
8.380002,0.1512612,-4.35,-2.010028,0,-4.020055,0
8.400002,0.1110606,-4.35,-2.010028,0,-4.020055,0
8.420003,0.07086007,-4.35,-2.010028,0,-4.020055,0
8.440003,0.03065952,-4.35,-2.010028,0,-4.020055,0
8.460004,-0.009541035,-4.35,-2.010028,0,-4.020055,0
8.480004,-0.04974159,-4.35,-2.010028,0,-4.020055,0
8.500005,-0.08994214,-4.35,-2.010028,0,-4.020055,0
8.520005,-0.1301427,-4.35,-2.010028,0,-4.020055,0
8.540006,-0.1703433,-4.35,-2.010028,0,-4.020055,0
8.560006,-0.2105438,-4.35,-2.010028,0,-4.020055,0
8.580007,-0.2507444,-4.35,-2.010028,0,-4.020055,0
8.600007,-0.2909449,-4.35,-2.010028,0,-4.020055,0
8.620008,-0.3311455,-4.35,-2.010028,0,-4.020055,0
8.640008,-0.3713461,-4.35,-2.010028,0,-4.020055,0
8.660008,-0.4115466,-4.35,-2.010028,0,-4.020055,0
8.680009,-0.4517472,-4.35,-2.010028,0,-4.020055,0
8.700009,-0.4919477,-4.35,-2.010028,0,-4.020055,0
8.72001,-0.5321483,-4.35,-2.010028,0,-4.020055,0
8.74001,-0.5723488,-4.35,-2.010028,0,-4.020055,0
8.760011,-0.6125494,-4.35,-2.010028,0,-4.020055,0
8.780011,-0.6527499,-4.35,-2.010028,0,-4.020055,0
8.800012,-0.6929504,-4.35,-2.010028,0,-4.020055,0
8.820012,-0.733151,-4.35,-2.010028,0,-4.020055,0
8.840013,-0.7733515,-4.35,-2.010028,0,-4.020055,0
8.860013,-0.813552,-4.35,-2.010028,0,-4.020055,0
8.880013,-0.8537526,-4.35,-2.010028,0,-4.020055,0
8.900014,-0.8939531,-4.35,-2.010028,0,-4.020055,0
8.920014,-0.9341536,-4.35,-2.010028,0,-4.020055,0
8.940015,-0.9743541,-4.35,-2.010028,0,-4.020055,0
8.960015,-1.014555,-4.35,-2.010028,0,-4.020055,0
8.980016,-1.054755,-4.35,-2.010028,0,-4.020055,0
9.000016,-1.094956,-4.35,-2.010028,0,-4.020055,0
9.020017,-1.135157,-4.35,-2.010028,0,-4.020055,0
9.040017,-1.175357,-4.35,-2.010028,0,-4.020055,0
9.060018,-1.215558,-4.35,-2.010028,0,-4.020055,0
9.080018,-1.255758,-4.35,-2.010028,0,-4.020055,0
9.100019,-1.295959,-4.35,-2.010028,0,-4.020055,0
9.120019,-1.336159,-4.35,-2.010028,0,-4.020055,0
9.140019,-1.37636,-4.35,-2.010028,0,-4.020055,0
9.16002,-1.416561,-4.35,-2.010028,0,-4.020055,0
9.18002,-1.456761,-4.35,-2.010028,0,-4.020055,0
9.200021,-1.496962,-4.35,-2.010028,0,-4.020055,0
9.220021,-1.537162,-4.35,-2.010028,0,-4.020055,0
9.240022,-1.577363,-4.35,-2.010028,0,-4.020055,0
9.260022,-1.617564,-4.35,-2.010028,0,-4.020055,0
9.280023,-1.657764,-4.35,-2.010028,0,-4.020055,0
9.300023,-1.697965,-4.35,-2.010028,0,-4.020055,0
9.320024,-1.738165,-4.35,-2.010028,0,-4.020055,0
9.340024,-1.778366,-4.35,-2.010028,0,-4.020055,0
9.360024,-1.818567,-4.35,-2.010028,0,-4.020055,0
9.380025,-1.858767,-4.35,-2.010028,0,-4.020055,0
9.400025,-1.898968,-4.35,-2.010028,0,-4.020055,0
9.420026,-1.939168,-4.35,-2.010028,0,-4.020055,0
9.440026,-1.979369,-4.35,-2.010028,0,-4.020055,0
9.460027,-2.019569,-4.35,-2.010028,0,-4.020055,0
9.480027,-2.05977,-4.35,-2.010028,0,-4.020055,0
9.500028,-2.09997,-4.35,-2.010028,0,-4.020055,0
9.520028,-2.140171,-4.35,-2.010028,0,-4.020055,0
9.540029,-2.180371,-4.35,-2.010028,0,-4.020055,0
9.560029,-2.220572,-4.35,-2.010028,0,-4.020055,0
9.580029,-2.260772,-4.35,-2.010028,0,-4.020055,0
9.60003,-2.300973,-4.35,-2.010028,0,-4.020055,0
9.62003,-2.341173,-4.35,-2.010028,0,-4.020055,0
9.640031,-2.381374,-4.35,-2.010028,0,-4.020055,0
9.660031,-2.421574,-4.35,-2.010028,0,-4.020055,0
9.680032,-2.461775,-4.35,-2.010028,0,-4.020055,0
9.700032,-2.501975,-4.35,-2.010028,0,-4.020055,0
9.720033,-2.542176,-4.35,-2.010028,0,-4.020055,0
9.740033,-2.582376,-4.35,-2.010028,0,-4.020055,0
9.760034,-2.622576,-4.35,-2.010028,0,-4.020055,0
9.780034,-2.662777,-4.35,-2.010028,0,-4.020055,0
9.800035,-2.702977,-4.35,-2.010028,0,-4.020055,0
9.820035,-2.743178,-4.35,-2.010028,0,-4.020055,0
9.840035,-2.783378,-4.35,-2.010028,0,-4.020055,0
9.860036,-2.823579,-4.35,-2.010028,0,-4.020055,0
9.880036,-2.863779,-4.35,-2.010028,0,-4.020055,0
9.900037,-2.853904,-4.35,0.2861934,-5.960464E-08,0.5723867,-1.192093E-07
9.920037,-2.849626,-4.348555,0.143097,0.1430963,0.286194,0.2861926
9.940038,-2.846517,-4.34594,0.1430942,0.1430992,0.2861883,0.2861983
9.960038,-2.843615,-4.343118,0.1401362,0.1460571,0.2802725,0.2921142
9.980039,-2.840747,-4.340262,0.1392349,0.1469585,0.2784697,0.2939169
10.00004,-2.837884,-4.337401,0.1390769,0.1471164,0.2781539,0.2942327
10.02004,-2.835022,-4.334539,0.1390431,0.1471502,0.2780862,0.2943004
10.04004,-2.83216,-4.331677,0.1391101,0.1470832,0.2782203,0.2941663
10.06004,-2.829298,-4.328815,0.1391339,0.1470594,0.2782679,0.2941188
10.08004,-2.826437,-4.325953,0.1390754,0.1471179,0.2781508,0.2942359
10.10004,-2.823575,-4.32309,0.1390643,0.147129,0.2781286,0.2942581
10.12004,-2.820714,-4.320228,0.1390305,0.1471628,0.278061,0.2943256
10.14004,-2.817852,-4.317365,0.1390221,0.1471712,0.2780442,0.2943424
10.16004,-2.814991,-4.314503,0.138961,0.1472323,0.2779219,0.2944647
10.18004,-2.81213,-4.31164,0.1389489,0.1472444,0.2778978,0.2944888
10.20004,-2.809268,-4.308778,0.1389093,0.147284,0.2778186,0.294568
10.22004,-2.806407,-4.305915,0.1388985,0.1472948,0.277797,0.2945896
10.24004,-2.803546,-4.303053,0.1388977,0.1472955,0.2777955,0.2945911
10.26005,-2.800684,-4.30019,0.1388972,0.1472961,0.2777944,0.2945922
10.28005,-2.797823,-4.297328,0.1389456,0.1472476,0.2778913,0.2944953
10.30005,-2.794962,-4.294466,0.1389537,0.1472396,0.2779075,0.2944791
10.32005,-2.7921,-4.291603,0.1389511,0.1472422,0.2779022,0.2944843
10.34005,-2.789239,-4.28874,0.1389488,0.1472445,0.2778975,0.294489
10.36005,-2.786378,-4.285878,0.1389,0.1472933,0.2777999,0.2945867
10.38005,-2.783517,-4.283015,0.1388866,0.1473067,0.2777733,0.2946133
10.40005,-2.780656,-4.280152,0.1388879,0.1473054,0.2777758,0.2946108
10.42005,-2.777795,-4.277289,0.1388807,0.1473125,0.2777615,0.2946251
10.44005,-2.774934,-4.274426,0.1389325,0.1472608,0.277865,0.2945216
10.46005,-2.772073,-4.271564,0.1389405,0.1472527,0.2778811,0.2945055
10.48005,-2.769212,-4.268701,0.1389347,0.1472586,0.2778693,0.2945172
10.50005,-2.766351,-4.265838,0.1389371,0.1472562,0.2778743,0.2945123
10.52005,-2.76349,-4.262975,0.138883,0.1473103,0.277766,0.2946206
10.54005,-2.760629,-4.260112,0.1388781,0.1473152,0.2777561,0.2946304
10.56005,-2.757768,-4.257249,0.1388751,0.1473182,0.2777503,0.2946363
10.58005,-2.754907,-4.254385,0.1388709,0.1473224,0.2777417,0.2946448
10.60005,-2.752046,-4.251523,0.1389212,0.1472721,0.2778424,0.2945442
10.62005,-2.749186,-4.24866,0.1389247,0.1472686,0.2778494,0.2945372
10.64005,-2.746325,-4.245796,0.138924,0.1472693,0.2778479,0.2945386
10.66005,-2.743464,-4.242933,0.1389262,0.1472671,0.2778523,0.2945342
10.68005,-2.740604,-4.24007,0.1388755,0.1473178,0.277751,0.2946356
10.70006,-2.737743,-4.237206,0.138865,0.1473283,0.27773,0.2946565
10.72006,-2.734883,-4.234343,0.1388633,0.14733,0.2777266,0.29466
10.74006,-2.732022,-4.23148,0.1388663,0.147327,0.2777326,0.2946539
10.76006,-2.729162,-4.228617,0.1389032,0.1472901,0.2778064,0.2945801
10.78006,-2.726301,-4.225753,0.1389118,0.1472814,0.2778237,0.2945629
10.80006,-2.72344,-4.22289,0.1389119,0.1472813,0.2778239,0.2945627
10.82006,-2.72058,-4.220026,0.1389101,0.1472832,0.2778201,0.2945664
10.84006,-2.71772,-4.217163,0.1388652,0.147328,0.2777305,0.2946561
10.86006,-2.714859,-4.2143,0.1388529,0.1473404,0.2777058,0.2946807
10.88006,-2.711999,-4.211436,0.1388505,0.1473428,0.277701,0.2946856
10.90006,-2.709139,-4.208573,0.138848,0.1473453,0.277696,0.2946905
10.92006,-2.706279,-4.205709,0.1388906,0.1473026,0.2777813,0.2946053
10.94006,-2.703418,-4.202846,0.1389002,0.1472931,0.2778003,0.2945862
10.96006,-2.700558,-4.199982,0.1388969,0.1472964,0.2777937,0.2945928
10.98006,-2.697698,-4.197118,0.1388995,0.1472938,0.277799,0.2945876
11.00006,-2.694838,-4.194254,0.1388489,0.1473443,0.2776979,0.2946887
11.02006,-2.691978,-4.191391,0.1388427,0.1473506,0.2776853,0.2947012
11.04006,-2.689118,-4.188527,0.1388416,0.1473517,0.2776832,0.2947034
11.06006,-2.686258,-4.185663,0.138832,0.1473612,0.2776641,0.2947224
11.08006,-2.683398,-4.182799,0.138882,0.1473112,0.2777641,0.2946225
11.10006,-2.680538,-4.179935,0.1388895,0.1473038,0.2777789,0.2946076
11.12006,-2.677678,-4.177071,0.1388875,0.1473057,0.2777751,0.2946115
11.14007,-2.674818,-4.174207,0.1388856,0.1473077,0.2777712,0.2946153
11.16007,-2.671958,-4.171343,0.1388387,0.1473546,0.2776774,0.2947091
11.18007,-2.669098,-4.168479,0.1388289,0.1473643,0.2776579,0.2947287
11.20007,-2.666238,-4.165615,0.1388265,0.1473667,0.2776531,0.2947335
11.22007,-2.663378,-4.162751,0.138826,0.1473673,0.277652,0.2947345
11.24007,-2.660519,-4.159887,0.1388649,0.1473284,0.2777298,0.2946567
11.26007,-2.657659,-4.157023,0.1388756,0.1473177,0.2777511,0.2946354
11.28007,-2.654799,-4.154159,0.1388728,0.1473205,0.2777455,0.294641
11.30007,-2.65194,-4.151295,0.1388769,0.1473164,0.2777537,0.2946328
11.32007,-2.64908,-4.14843,0.1388266,0.1473667,0.2776532,0.2947333
11.34007,-2.646221,-4.145566,0.1388186,0.1473747,0.2776372,0.2947493
11.36007,-2.643361,-4.142702,0.1388155,0.1473778,0.277631,0.2947556
11.38007,-2.640501,-4.139837,0.1388173,0.147376,0.2776345,0.294752
11.40007,-2.637642,-4.136973,0.1388573,0.147336,0.2777145,0.294672
11.42007,-2.634782,-4.134109,0.1388633,0.14733,0.2777266,0.2946599
11.44007,-2.631923,-4.131244,0.1388605,0.1473327,0.277721,0.2946655
11.46007,-2.629064,-4.12838,0.1388605,0.1473328,0.277721,0.2946655
11.48007,-2.626204,-4.125515,0.1388168,0.1473764,0.2776337,0.2947529
11.50007,-2.623345,-4.122651,0.138806,0.1473872,0.2776121,0.2947745
11.52007,-2.620486,-4.119786,0.1388046,0.1473887,0.2776091,0.2947774
11.54007,-2.617626,-4.116921,0.1388006,0.1473926,0.2776012,0.2947853
11.56007,-2.614767,-4.114057,0.1388451,0.1473482,0.2776901,0.2946964
11.58008,-2.611908,-4.111192,0.138848,0.1473453,0.277696,0.2946906
11.60008,-2.609049,-4.108327,0.13885,0.1473432,0.2777,0.2946865
11.62008,-2.606189,-4.105463,0.1388487,0.1473445,0.2776974,0.2946891
11.64008,-2.60333,-4.102598,0.1388048,0.1473885,0.2776096,0.2947769
11.66008,-2.600471,-4.099733,0.1387963,0.1473969,0.2775927,0.2947938
11.68008,-2.597612,-4.096868,0.1387951,0.1473981,0.2775902,0.2947963
11.70008,-2.594753,-4.094003,0.1387935,0.1473997,0.2775871,0.2947994
11.72008,-2.591894,-4.091138,0.1388307,0.1473625,0.2776614,0.294725
11.74008,-2.589035,-4.088274,0.1388343,0.147359,0.2776685,0.294718
11.76008,-2.586176,-4.085409,0.1388384,0.1473549,0.2776768,0.2947097
11.78008,-2.583317,-4.082544,0.1388333,0.14736,0.2776666,0.2947199
11.80008,-2.580458,-4.079679,0.1387922,0.1474011,0.2775843,0.2948021
11.82008,-2.577599,-4.076814,0.1387843,0.1474089,0.2775687,0.2948178
11.84008,-2.574741,-4.073948,0.1387821,0.1474112,0.2775641,0.2948223
11.86008,-2.571882,-4.071084,0.1387855,0.1474078,0.277571,0.2948155
11.88008,-2.569023,-4.068219,0.1388205,0.1473728,0.277641,0.2947455
11.90008,-2.566164,-4.065353,0.1388244,0.1473688,0.2776488,0.2947377
11.92008,-2.563305,-4.062489,0.1388259,0.1473673,0.2776518,0.2947347
11.94008,-2.560447,-4.059623,0.1388212,0.1473721,0.2776423,0.2947441
11.96008,-2.557588,-4.056758,0.1387808,0.1474125,0.2775615,0.2948249
11.98008,-2.55473,-4.053893,0.1387728,0.1474204,0.2775456,0.2948408
12.00008,-2.551871,-4.051027,0.1387718,0.1474214,0.2775436,0.2948428
12.02009,-2.549013,-4.048162,0.1387705,0.1474228,0.2775409,0.2948456
12.04009,-2.546154,-4.045297,0.1388237,0.1473695,0.2776475,0.294739
12.06009,-2.543296,-4.042431,0.1388286,0.1473646,0.2776573,0.2947292
12.08009,-2.540437,-4.039566,0.1388324,0.1473608,0.2776649,0.2947216
12.10009,-2.537579,-4.036701,0.1388289,0.1473644,0.2776577,0.2947288
12.12009,-2.534721,-4.033835,0.1387711,0.1474222,0.2775421,0.2948443
12.14009,-2.531862,-4.03097,0.138764,0.1474292,0.277528,0.2948585
12.16009,-2.529004,-4.028104,0.1387607,0.1474326,0.2775213,0.2948652
12.18009,-2.526146,-4.025239,0.1387609,0.1474323,0.2775218,0.2948647
12.20009,-2.523287,-4.022373,0.1388315,0.1473618,0.2776629,0.2947236
12.22009,-2.520429,-4.019507,0.1388476,0.1473457,0.2776951,0.2946913
12.24009,-2.517571,-4.016642,0.1388436,0.1473497,0.2776871,0.2946993
12.26009,-2.514713,-4.013776,0.1388425,0.1473507,0.277685,0.2947014
12.28009,-2.511854,-4.01091,0.1387687,0.1474245,0.2775374,0.294849
12.30009,-2.508996,-4.008044,0.1387536,0.1474396,0.2775072,0.2948793
12.32009,-2.506138,-4.005178,0.1387499,0.1474433,0.2774998,0.2948867
12.34009,-2.50328,-4.002313,0.138749,0.1474443,0.2774979,0.2948885
12.36009,-2.500422,-3.999447,0.1388196,0.1473736,0.2776392,0.2947472
12.38009,-2.497564,-3.996581,0.1388315,0.1473618,0.2776629,0.2947236
12.40009,-2.494706,-3.993715,0.138833,0.1473602,0.277666,0.2947204
12.42009,-2.491848,-3.990849,0.1388309,0.1473623,0.2776619,0.2947246
12.44009,-2.488991,-3.987983,0.1387568,0.1474364,0.2775137,0.2948728
12.4601,-2.486133,-3.985117,0.1387438,0.1474495,0.2774875,0.294899
12.4801,-2.483275,-3.982251,0.138739,0.1474542,0.277478,0.2949084
12.5001,-2.480417,-3.979385,0.1387411,0.1474521,0.2774822,0.2949042
12.5201,-2.477559,-3.976519,0.1388091,0.1473841,0.2776182,0.2947682
12.5401,-2.474701,-3.973653,0.1388201,0.1473732,0.2776401,0.2947464
12.5601,-2.471843,-3.970787,0.1388244,0.1473688,0.2776488,0.2947377
12.5801,-2.468986,-3.967921,0.1388206,0.1473726,0.2776412,0.2947453
12.6001,-2.466129,-3.965055,0.1387413,0.1474519,0.2774826,0.2949039
12.6201,-2.463271,-3.962188,0.1387313,0.1474619,0.2774627,0.2949238
12.6401,-2.460413,-3.959322,0.1387275,0.1474657,0.277455,0.2949315
12.6601,-2.457547,-3.956465,0.1391919,0.1470013,0.2783839,0.2940026
12.6801,-2.454689,-3.953599,0.1389671,0.1472261,0.2779342,0.2944523
12.7001,-2.451831,-3.950733,0.1389087,0.1472846,0.2778174,0.2945691
12.7201,-2.448973,-3.947867,0.1389135,0.1472798,0.2778269,0.2945596
12.7401,-2.446116,-3.945,0.1389118,0.1472814,0.2778237,0.2945628
12.7601,-2.443258,-3.942134,0.1389127,0.1472805,0.2778254,0.2945611
12.7801,-2.440401,-3.939268,0.1389113,0.1472819,0.2778226,0.2945638
12.8001,-2.437543,-3.936401,0.1389066,0.1472867,0.2778131,0.2945733
12.8201,-2.434686,-3.933535,0.138906,0.1472872,0.277812,0.2945745
12.8401,-2.431829,-3.930668,0.1388892,0.1473041,0.2777783,0.2946081
12.8601,-2.428972,-3.927801,0.1388875,0.1473058,0.277775,0.2946115
12.88011,-2.426114,-3.924935,0.1388758,0.1473174,0.2777516,0.2946348
12.90011,-2.423257,-3.922068,0.1388785,0.1473147,0.277757,0.2946295
12.92011,-2.4204,-3.919202,0.138879,0.1473143,0.2777579,0.2946285
12.94011,-2.417543,-3.916335,0.1388812,0.147312,0.2777624,0.2946241
12.96011,-2.414686,-3.913468,0.1388716,0.1473216,0.2777432,0.2946433
12.98011,-2.411829,-3.910601,0.1388721,0.1473212,0.2777441,0.2946423
13.00011,-2.408972,-3.907735,0.1388732,0.14732,0.2777464,0.2946401
13.02011,-2.406115,-3.904868,0.1388766,0.1473166,0.2777532,0.2946332
13.04011,-2.403257,-3.902001,0.1388678,0.1473255,0.2777356,0.2946509
13.06011,-2.4004,-3.899134,0.1388658,0.1473274,0.2777317,0.2946548
13.08011,-2.397543,-3.896267,0.1388685,0.1473247,0.2777371,0.2946494
13.10011,-2.394686,-3.8934,0.1388736,0.1473196,0.2777472,0.2946393
13.12011,-2.391829,-3.890533,0.1388604,0.1473328,0.2777209,0.2946656
13.14011,-2.388973,-3.887666,0.1388605,0.1473328,0.277721,0.2946655
13.16011,-2.386116,-3.884799,0.1388639,0.1473293,0.2777278,0.2946587
13.18011,-2.383259,-3.881932,0.1388665,0.1473268,0.277733,0.2946535
13.20011,-2.380402,-3.879066,0.1388545,0.1473387,0.2777091,0.2946774
13.22011,-2.377546,-3.876199,0.1388571,0.1473361,0.2777142,0.2946723
13.24011,-2.374689,-3.873331,0.1388574,0.1473358,0.2777149,0.2946716
13.26011,-2.371832,-3.870464,0.1388617,0.1473315,0.2777234,0.294663
13.28011,-2.368975,-3.867597,0.138849,0.1473442,0.2776981,0.2946884
13.30011,-2.366119,-3.86473,0.1388515,0.1473417,0.277703,0.2946835
13.32012,-2.363262,-3.861862,0.1388526,0.1473406,0.2777053,0.2946812
13.34012,-2.360405,-3.858995,0.1388535,0.1473397,0.2777071,0.2946794
13.36012,-2.357549,-3.856128,0.138844,0.1473492,0.2776881,0.2946984
13.38012,-2.354692,-3.85326,0.1388454,0.1473479,0.2776907,0.2946958
13.40012,-2.351836,-3.850393,0.1388478,0.1473454,0.2776956,0.2946909
13.42012,-2.348979,-3.847526,0.1388521,0.1473411,0.2777042,0.2946823
13.44012,-2.346123,-3.844658,0.1388388,0.1473545,0.2776775,0.294709
13.46012,-2.343266,-3.841791,0.1388411,0.1473521,0.2776822,0.2947043
13.48012,-2.34041,-3.838924,0.1388449,0.1473483,0.2776899,0.2946966
13.50012,-2.337554,-3.836056,0.1388428,0.1473505,0.2776855,0.294701
13.52012,-2.334697,-3.833189,0.1388344,0.1473589,0.2776687,0.2947178
13.54012,-2.331841,-3.830321,0.1388338,0.1473595,0.2776676,0.294719
13.56012,-2.328985,-3.827453,0.1388378,0.1473555,0.2776756,0.2947109
13.58012,-2.326128,-3.824586,0.1388389,0.1473544,0.2776778,0.2947087
13.60012,-2.323272,-3.821718,0.1388276,0.1473657,0.2776552,0.2947313
13.62012,-2.320416,-3.818851,0.1388321,0.1473611,0.2776642,0.2947223
13.64012,-2.31756,-3.815983,0.1388323,0.147361,0.2776646,0.2947219
13.66012,-2.314703,-3.813115,0.1388343,0.1473589,0.2776687,0.2947178
13.68012,-2.311847,-3.810247,0.1388208,0.1473725,0.2776415,0.294745
13.70012,-2.308991,-3.807379,0.1388242,0.1473691,0.2776484,0.2947381
13.72012,-2.306135,-3.804512,0.1388265,0.1473667,0.2776531,0.2947335
13.74012,-2.303279,-3.801644,0.1388307,0.1473625,0.2776614,0.2947251
13.76013,-2.300423,-3.798776,0.1388202,0.1473731,0.2776403,0.2947462
13.78013,-2.297567,-3.795908,0.1388196,0.1473737,0.2776392,0.2947474
13.80013,-2.294711,-3.79304,0.1388201,0.1473732,0.2776402,0.2947463
13.82013,-2.291855,-3.790172,0.1388248,0.1473684,0.2776497,0.2947369
13.84013,-2.289,-3.787304,0.1388121,0.1473812,0.2776242,0.2947623
13.86013,-2.286144,-3.784436,0.1388157,0.1473776,0.2776314,0.2947551
13.88013,-2.283288,-3.781568,0.1388142,0.147379,0.2776285,0.2947581
13.90013,-2.280432,-3.7787,0.138821,0.1473722,0.2776421,0.2947445
13.92013,-2.277576,-3.775832,0.1388088,0.1473845,0.2776175,0.294769
13.94013,-2.27472,-3.772964,0.1388087,0.1473846,0.2776174,0.2947692
13.96013,-2.271865,-3.770096,0.1388112,0.1473821,0.2776225,0.2947641
13.98013,-2.269009,-3.767228,0.1388154,0.1473779,0.2776308,0.2947558
14.00013,-2.266153,-3.764359,0.1388015,0.1473918,0.277603,0.2947836
14.02013,-2.263298,-3.761491,0.1388047,0.1473887,0.2776093,0.2947773
14.04013,-2.260442,-3.758623,0.1388072,0.1473861,0.2776144,0.2947722
14.06013,-2.257586,-3.755755,0.1388088,0.1473846,0.2776175,0.2947691
14.08013,-2.254731,-3.752887,0.138796,0.1473974,0.2775919,0.2947947
14.10013,-2.251875,-3.750018,0.1387984,0.1473949,0.2775967,0.2947899
14.12013,-2.24902,-3.74715,0.1388028,0.1473905,0.2776057,0.294781
14.14013,-2.246164,-3.744282,0.1388039,0.1473894,0.2776078,0.2947788
14.16013,-2.243309,-3.741413,0.1387921,0.1474012,0.2775843,0.2948023
14.18013,-2.240453,-3.738545,0.1387949,0.1473984,0.2775897,0.2947969
14.20014,-2.237598,-3.735676,0.1387959,0.1473974,0.2775918,0.2947948
14.22014,-2.234743,-3.732808,0.1388007,0.1473926,0.2776014,0.2947852
14.24014,-2.231887,-3.729939,0.1387856,0.1474077,0.2775713,0.2948154
14.26014,-2.229032,-3.727071,0.1387901,0.1474032,0.2775803,0.2948063
14.28014,-2.226177,-3.724202,0.1387923,0.147401,0.2775846,0.294802
14.30014,-2.223321,-3.721334,0.138796,0.1473973,0.2775919,0.2947946
14.32014,-2.220466,-3.718465,0.1387832,0.1474101,0.2775663,0.2948202
14.34014,-2.217611,-3.715596,0.1387848,0.1474085,0.2775695,0.2948171
14.36014,-2.214756,-3.712728,0.1387873,0.147406,0.2775747,0.2948119
14.38014,-2.211901,-3.709859,0.1387856,0.1474077,0.2775712,0.2948154
14.40014,-2.209045,-3.70699,0.1387815,0.1474118,0.277563,0.2948236
14.42014,-2.20619,-3.704121,0.1387755,0.1474178,0.2775511,0.2948355
14.44014,-2.203335,-3.701253,0.1387827,0.1474106,0.2775654,0.2948211
14.46014,-2.20048,-3.698384,0.1387843,0.147409,0.2775686,0.294818
14.48014,-2.197625,-3.695515,0.1387707,0.1474226,0.2775414,0.2948452
14.50014,-2.194771,-3.692646,0.1387728,0.1474205,0.2775456,0.294841
14.52014,-2.191916,-3.689777,0.1387783,0.147415,0.2775566,0.29483
14.54014,-2.18906,-3.686908,0.1387798,0.1474135,0.2775596,0.294827
14.56014,-2.186206,-3.684039,0.1387665,0.1474268,0.277533,0.2948536
14.58014,-2.183351,-3.68117,0.1387699,0.1474234,0.2775398,0.2948467
14.60014,-2.180496,-3.678302,0.1387716,0.1474216,0.2775433,0.2948433
14.62014,-2.177641,-3.675432,0.1387734,0.1474199,0.2775467,0.2948398
14.64015,-2.174786,-3.672564,0.1387638,0.1474295,0.2775276,0.294859
14.66015,-2.171932,-3.669694,0.1387652,0.147428,0.2775305,0.2948561
14.68015,-2.169077,-3.666825,0.1387661,0.1474272,0.2775322,0.2948543
14.70015,-2.166222,-3.663956,0.1387682,0.1474251,0.2775365,0.2948501
14.72015,-2.163368,-3.661087,0.1387566,0.1474366,0.2775133,0.2948733
14.74015,-2.160513,-3.658218,0.1387626,0.1474307,0.2775251,0.2948614
14.76015,-2.157658,-3.655349,0.138763,0.1474303,0.277526,0.2948606
14.78015,-2.154803,-3.65248,0.1387642,0.1474291,0.2775284,0.2948581
14.80015,-2.151949,-3.64961,0.1387524,0.1474409,0.2775047,0.2948819
14.82015,-2.149094,-3.646741,0.1387564,0.1474369,0.2775128,0.2948738
14.84015,-2.14624,-3.643872,0.1387538,0.1474395,0.2775076,0.294879
